City_ID,City,Cloudiness,Country,Date,Humidity,Lat,Lng,Max Temp,Wind Speed
0,ushuaia,0,AR,1530723600,80,-54.81,-68.31,35.6,5.82
1,tuatapere,92,NZ,1530727406,100,-46.13,167.69,47.73,6.78
2,albany,40,US,1530726660,41,42.65,-73.75,93.2,5.82
3,khatanga,76,RU,1530727654,57,71.98,102.47,46.38,7.23
4,buraydah,0,SA,1530723600,15,26.33,43.97,107.6,12.75
5,kodiak,1,US,1530723180,66,39.95,-94.76,87.8,12.75
6,hilo,20,US,1530723360,83,19.71,-155.08,73.4,3.36
7,puerto ayora,40,EC,1530723600,83,-0.74,-90.35,75.2,18.34
8,airai,24,TL,1530727654,95,-8.93,125.41,64.47,1.41
9,barrow,48,AR,1530727655,68,-38.31,-60.23,46.47,6.22
10,cururupu,64,BR,1530727655,94,-1.82,-44.87,79.68,5.66
11,rikitea,64,PF,1530727655,100,-23.12,-134.97,73.2,10.8
12,sao joao da barra,75,BR,1530723600,73,-21.64,-41.05,77.0,11.41
13,port alfred,0,ZA,1530727655,97,-33.59,26.89,57.0,7.11
14,hami,56,CN,1530727656,55,42.84,93.51,73.38,2.64
15,hermanus,8,ZA,1530727656,93,-34.42,19.24,39.63,2.19
16,fortuna,0,ES,1530725400,51,38.18,-1.13,95.0,5.82
17,busselton,80,AU,1530727656,100,-33.64,115.35,54.21,23.78
18,chumikan,92,RU,1530727656,95,54.72,135.31,43.86,4.32
19,klaksvik,24,FO,1530726600,93,62.23,-6.59,53.6,16.11
20,bredasdorp,0,ZA,1530723600,81,-34.53,20.04,51.8,5.82
21,avarua,56,CK,1530727424,100,-21.21,-159.78,73.38,3.65
22,saint-philippe,1,CA,1530726900,43,45.36,-73.48,89.6,3.36
23,jamestown,0,AU,1530727420,40,-33.21,138.6,54.93,13.94
24,arraial do cabo,40,BR,1530723600,69,-22.97,-42.02,77.0,5.82
25,pevek,12,RU,1530727658,79,69.7,170.27,45.57,5.21
26,torbay,20,CA,1530723600,47,47.66,-52.73,80.6,14.99
27,east london,0,ZA,1530724740,46,-33.02,27.91,53.6,6.93
28,katsuura,75,JP,1530725880,94,33.93,134.5,77.0,10.29
29,carnarvon,0,ZA,1530727659,54,-30.97,22.13,28.56,2.64
30,butaritari,92,KI,1530727659,100,3.07,172.79,82.11,5.21
31,hofn,90,IS,1530723600,87,64.25,-15.21,53.6,4.7
32,kieta,92,PG,1530727659,100,-6.22,155.63,77.25,4.43
33,chapais,90,CA,1530723600,53,49.78,-74.86,77.0,10.29
34,maun,0,BW,1530723600,45,-19.99,23.42,66.2,8.05
35,port-gentil,75,GA,1530723600,88,-0.72,8.78,77.0,11.41
36,taperoa,0,BR,1530727375,38,-7.21,-36.83,83.91,13.49
37,nanortalik,92,GL,1530727410,93,60.14,-45.24,37.83,30.38
38,fort nelson,40,CA,1530723600,67,58.81,-122.69,62.6,2.24
39,port blair,92,IN,1530727494,100,11.67,92.75,77.52,17.74
40,papetoai,20,PF,1530725400,78,-17.5,-149.87,77.0,2.24
41,ugoofaaru,36,MV,1530727660,99,5.67,73.0,83.55,9.24
42,cape town,0,ZA,1530723600,87,-33.93,18.42,53.6,4.7
43,ponta delgada,75,PT,1530725400,64,37.73,-25.67,69.8,14.99
44,punta arenas,90,CL,1530723600,100,-53.16,-70.91,32.0,5.82
45,san cristobal,75,EC,1530723600,62,-0.39,-78.55,57.2,20.8
46,bluff,92,AU,1530727661,97,-23.58,149.07,59.25,7.67
47,vila velha,20,BR,1530727200,55,-3.71,-38.6,86.0,16.11
48,dikson,88,RU,1530727662,100,73.51,80.55,36.48,23.11
49,cockburn town,32,TC,1530727444,97,21.46,-71.14,82.74,18.07
50,faya,20,SA,1530723600,73,18.39,42.45,75.2,6.93
51,la ronge,90,CA,1530723600,63,55.1,-105.3,60.8,10.29
52,shahreza,0,IR,1530727663,25,32.01,51.87,56.19,4.43
53,cedar city,1,US,1530723180,12,37.68,-113.06,82.4,16.11
54,cabo san lucas,5,MX,1530722940,48,22.89,-109.91,89.6,4.7
55,kahului,1,US,1530723360,83,20.89,-156.47,75.2,11.41
56,awbari,0,LY,1530727663,9,26.59,12.77,100.2,13.82
57,ribeira grande,40,PT,1530725400,64,38.52,-28.7,73.4,10.29
58,pierre,1,US,1530726780,69,44.37,-100.35,77.0,14.99
59,narsaq,75,GL,1530726600,53,60.91,-46.05,50.0,20.8
60,tevaitoa,88,PF,1530727455,100,-16.78,-151.5,77.97,3.2
61,alyangula,0,AU,1530727664,100,-13.85,136.42,73.65,11.03
62,upernavik,64,GL,1530727664,100,72.79,-56.15,33.87,8.01
63,nchelenge,0,ZM,1530727664,40,-9.35,28.74,70.05,5.77
64,sirjan,0,IR,1530727407,12,29.44,55.67,71.13,13.49
65,nalut,0,LY,1530727493,16,31.86,10.98,99.12,10.02
66,buluang,75,PH,1530723600,78,10.47,123.98,80.6,6.93
67,dutlwe,0,BW,1530727665,59,-23.98,23.93,53.4,8.79
68,la romana,40,DO,1530723600,52,18.43,-68.97,91.4,13.87
69,yellowknife,40,CA,1530723600,51,62.45,-114.38,60.8,9.17
70,sedalia,40,US,1530726900,58,38.7,-93.23,89.6,6.93
71,new norfolk,75,AU,1530723600,93,-42.78,147.06,48.2,5.82
72,wanxian,76,CN,1530727666,98,30.8,108.39,70.86,1.97
73,zhigansk,92,RU,1530727398,95,66.77,123.37,60.33,10.36
74,canutama,8,BR,1530727460,34,-6.53,-64.38,95.43,3.2
75,sabha,0,LY,1530727666,10,27.03,14.43,99.03,9.24
76,san patricio,92,PY,1530727666,100,-26.98,-56.83,59.7,2.3
77,ulkan,48,RU,1530727666,79,57.24,107.32,63.93,4.99
78,qaanaaq,36,GL,1530727667,95,77.48,-69.36,32.7,2.42
79,taoudenni,92,ML,1530727423,8,22.68,-3.98,111.72,12.37
80,segezha,92,RU,1530727667,94,63.74,34.31,59.97,2.64
81,hobart,75,AU,1530723600,93,-42.88,147.33,48.2,5.82
82,vardo,90,US,1530726900,78,39.62,-77.74,96.8,12.75
83,burnie,88,AU,1530727450,100,-41.05,145.91,54.39,22.77
84,mataura,88,NZ,1530727392,94,-46.19,168.86,38.73,3.53
85,luganville,92,VU,1530727667,100,-15.51,167.18,75.54,19.08
86,north bend,90,US,1530726960,93,43.41,-124.22,59.0,8.05
87,vaini,100,IN,1530727668,98,15.34,74.49,69.42,6.67
88,cidreira,92,BR,1530727668,97,-30.17,-50.22,53.94,8.79
89,filingue,0,NE,1530727668,47,14.35,3.32,92.19,5.55
90,saskylakh,92,RU,1530727399,98,71.97,114.09,48.18,10.69
91,mar del plata,0,AR,1530727668,79,-46.43,-67.52,37.2,4.65
92,ancud,92,CL,1530727668,100,-41.87,-73.83,45.3,8.46
93,kuminskiy,24,RU,1530727669,70,58.67,66.57,61.95,4.32
94,bethel,90,US,1530724680,93,60.79,-161.76,53.6,14.99
95,port elizabeth,20,US,1530726900,49,39.31,-74.98,91.4,11.41
96,mbini,40,GQ,1530723600,88,1.58,9.62,80.6,11.41
97,atuona,0,PF,1530727670,99,-9.8,-139.03,80.31,9.46
98,leningradskiy,12,RU,1530727520,95,69.38,178.42,31.8,3.98
99,fort saint james,0,CA,1530727670,66,54.43,-124.25,63.12,5.66
100,abu dhabi,0,AE,1530723600,67,24.47,54.37,95.0,10.29
101,nikolskoye,20,RU,1530725400,63,59.7,30.79,64.4,2.24
102,mahon,20,IE,1530725400,73,51.89,-8.4,69.8,9.17
103,bouguenais,0,FR,1530727200,68,47.18,-1.62,71.6,9.17
104,sinnamary,76,GF,1530727672,100,5.38,-52.96,77.25,3.65
105,lompoc,1,US,1530725700,56,34.64,-120.46,69.8,6.22
106,roald,0,NO,1530726600,82,62.58,6.12,69.8,17.22
107,obu,75,JP,1530725400,94,35.02,136.95,77.0,10.29
108,touros,8,BR,1530727672,64,-5.2,-35.46,84.27,18.52
109,forestville,75,CA,1530723600,60,48.74,-69.09,71.6,11.41
110,esperance,40,TT,1530723600,83,10.24,-61.45,84.2,18.34
111,coihaique,0,CL,1530723600,68,-45.58,-72.07,39.2,5.82
112,phulabani,76,IN,1530727673,71,20.47,84.23,79.95,9.01
113,nampula,0,MZ,1530727673,56,-15.12,39.26,69.42,8.23
114,sur,0,OM,1530727673,80,22.57,59.53,89.58,5.99
115,fougamou,36,GA,1530727674,99,-1.22,10.59,72.39,1.63
116,guerrero negro,0,MX,1530727674,54,27.97,-114.04,79.32,7.56
117,tiksi,0,RU,1530727407,74,71.64,128.87,63.12,3.2
118,hasaki,75,JP,1530725400,88,35.73,140.83,78.8,17.22
119,lavrentiya,0,RU,1530727674,90,65.58,-170.99,47.01,8.23
120,kiama,0,AU,1530723600,93,-34.67,150.86,46.4,8.05
121,antofagasta,40,CL,1530723600,67,-23.65,-70.4,60.8,8.05
122,faanui,36,PF,1530727675,100,-16.48,-151.75,78.96,6.11
123,solnechnyy,0,RU,1530727675,80,50.72,136.64,52.95,4.65
124,longyearbyen,75,NO,1530726600,87,78.22,15.63,42.8,9.17
125,constitucion,40,MX,1530722460,56,23.99,-104.67,71.6,4.7
126,coahuayana,24,MX,1530727676,47,18.62,-100.35,83.37,2.98
127,lima,0,PE,1530727676,64,-12.06,-77.04,66.18,3.09
128,saint george,0,GR,1530726600,54,39.45,22.34,82.4,4.7
129,ippy,24,CF,1530727677,82,6.26,21.2,74.73,4.76
130,quartz hill,1,US,1530724800,26,34.65,-118.22,84.2,9.17
131,norman wells,75,CA,1530723600,67,65.28,-126.83,60.8,5.82
132,kroonstad,0,ZA,1530727677,59,-27.65,27.24,37.83,5.99
133,hithadhoo,8,MV,1530727678,100,-0.6,73.08,83.1,4.76
134,ciudad bolivar,56,VE,1530727463,62,8.12,-63.55,87.96,10.47
135,kirakira,76,SB,1530727678,100,-10.46,161.92,80.22,10.69
136,luderitz,0,NA,1530727678,47,-26.65,15.16,61.86,6.44
137,barabai,20,ID,1530727678,95,-2.59,115.38,71.49,1.74
138,kapaa,75,US,1530723600,83,22.08,-159.32,77.0,13.87
139,paamiut,92,GL,1530727679,89,61.99,-49.67,41.43,13.94
140,dunedin,80,NZ,1530727440,94,-45.87,170.5,32.79,3.42
141,ila,0,NO,1530726600,48,63.43,10.37,64.4,6.93
142,poya,0,NC,1530727679,100,-21.35,165.16,70.5,18.3
143,thompson,90,CA,1530723600,87,55.74,-97.86,53.6,9.17
144,laguna,5,MX,1530722400,30,27.52,-110.01,95.0,3.42
145,pinawa,20,CA,1530727680,94,50.15,-95.88,75.63,14.27
146,siilinjarvi,0,FI,1530726600,59,63.08,27.67,66.2,4.7
147,ponta do sol,0,BR,1530727402,44,-20.63,-46.0,79.5,5.21
148,te anau,92,NZ,1530727680,90,-45.41,167.72,37.56,3.42
149,anjozorobe,20,MG,1530725400,76,-18.4,47.88,55.4,2.24
150,tuktoyaktuk,75,CA,1530723600,77,69.44,-133.03,59.0,9.17
151,salalah,90,OM,1530723000,88,17.01,54.1,80.6,8.05
152,la rioja,56,AR,1530727681,100,-29.41,-66.86,45.39,3.98
153,kerema,44,PG,1530727681,100,-7.96,145.78,71.4,1.63
154,santa cruz del sur,76,CU,1530727681,66,20.71,-78.0,91.74,9.57
155,la asuncion,75,EC,1530723600,59,-1.64,-78.74,60.8,11.41
156,rochegda,88,RU,1530727682,100,62.67,43.41,63.12,2.42
157,bijar,8,IR,1530727682,30,35.87,47.6,73.83,7.78
158,nyurba,48,RU,1530727682,98,63.29,118.35,67.08,4.99
159,kaitangata,80,NZ,1530727682,86,-46.28,169.85,39.18,5.55
160,loyga,88,RU,1530727683,94,61.08,44.61,62.31,14.27
161,salamanca,20,ES,1530727200,49,40.97,-5.66,68.0,13.87
162,contamana,32,PE,1530727683,66,-7.35,-75.01,85.44,2.75
163,goundam,0,ML,1530727683,27,16.42,-3.66,99.21,8.46
164,rayadrug,44,IN,1530727684,73,14.7,76.87,76.53,14.72
165,port hedland,0,AU,1530723600,93,-20.31,118.58,66.2,5.82
166,castro,76,CL,1530727684,100,-42.48,-73.76,43.77,5.66
167,prabumulih,20,ID,1530727684,67,-3.5,104.19,77.07,4.65
168,mount gambier,68,AU,1530727496,91,-37.83,140.78,48.9,5.88
169,lethem,32,GY,1530727685,82,3.38,-59.8,84.9,9.46
170,skibbereen,20,IE,1530725400,73,51.55,-9.27,69.8,9.17
171,ambulu,88,ID,1530727685,100,-8.35,113.61,74.19,10.69
172,rio negrinho,44,BR,1530727685,80,-26.26,-49.52,65.1,4.21
173,tasiilaq,75,GL,1530726600,80,65.61,-37.64,41.0,5.82
174,mahebourg,40,MU,1530723600,69,-20.41,57.7,75.2,19.46
175,ostrovnoy,100,RU,1530727686,95,68.05,39.51,56.01,11.48
176,redmond,90,US,1530724500,52,47.67,-122.12,69.8,8.05
177,avera,40,US,1530725700,52,33.19,-82.53,89.6,10.29
178,meadow lake,40,CA,1530723600,72,54.13,-108.44,62.6,9.17
179,margate,75,AU,1530723600,93,-43.03,147.26,48.2,5.82
180,aksarka,0,RU,1530727687,47,66.56,67.8,54.48,9.46
181,grindavik,75,IS,1530725400,81,63.84,-22.43,51.8,18.34
182,provideniya,24,RU,1530727687,100,64.42,-173.23,43.32,10.69
183,flinders,0,AU,1530723600,93,-34.58,150.85,46.4,8.05
184,pirgos,0,GR,1530726600,58,35.12,25.72,82.4,11.41
185,namwala,0,ZM,1530727687,47,-15.75,26.45,62.85,11.48
186,los llanos de aridane,20,ES,1530727200,69,28.66,-17.92,73.4,16.11
187,kichera,0,RU,1530727688,91,55.93,110.1,49.98,1.07
188,kushiro,100,JP,1530727688,100,43.11,144.15,51.42,5.88
189,hoi an,20,VN,1530725400,58,15.88,108.33,87.8,2.24
190,ambon,40,FR,1530727200,68,47.55,-2.56,71.6,12.75
191,korem,92,ET,1530727653,41,12.51,39.52,69.96,3.31
192,maniitsoq,76,GL,1530727689,83,65.42,-52.9,41.43,4.99
193,elizabeth city,90,US,1530727140,70,36.3,-76.22,91.4,13.87
194,tautira,20,PF,1530725400,78,-17.73,-149.15,77.0,2.24
195,belmonte,0,PT,1530727690,63,40.36,-7.35,68.52,7.11
196,bambous virieux,40,MU,1530723600,69,-20.34,57.76,75.2,19.46
197,rio grande,90,BR,1530723600,66,-32.03,-52.1,51.8,4.21
198,komatsu,75,JP,1530723600,88,36.4,136.45,73.4,9.17
199,maroua,24,CM,1530727690,82,10.6,14.33,78.06,4.99
200,olinda,90,EC,1530723600,69,-2.03,-79.75,77.0,8.05
201,berdigestyakh,56,RU,1530727690,55,62.1,126.7,73.83,10.02
202,bad doberan,20,DE,1530724800,53,54.11,11.9,71.6,9.17
203,saint-pierre,0,FR,1530727200,42,48.95,4.24,82.4,6.93
204,dabat,68,ET,1530727691,100,12.98,37.77,58.17,0.85
205,isla del bosque,75,MX,1530722400,70,22.73,-105.85,87.8,6.93
206,borogontsy,76,RU,1530727692,49,62.67,131.17,72.75,10.8
207,nuuk,75,GL,1530726600,70,64.17,-51.74,48.2,2.24
208,isangel,92,VU,1530727692,100,-19.55,169.27,71.4,22.55
209,putat,20,ID,1530727692,88,-7.68,111.51,67.98,5.21
210,nome,90,US,1530726900,94,30.04,-94.42,75.2,9.46
211,korsakov,75,RU,1530723600,87,46.63,142.78,50.0,11.18
212,romanshorn,0,CH,1530724800,53,47.57,9.38,82.4,2.24
213,fengzhen,32,CN,1530727693,88,40.43,113.15,62.4,2.19
214,markova,0,RU,1530725400,72,52.21,104.21,68.0,4.47
215,talnakh,0,RU,1530727432,67,69.49,88.39,39.0,6.22
216,necochea,44,AR,1530727694,87,-38.55,-58.74,45.93,5.44
217,owensboro,1,US,1530725700,56,37.77,-87.11,93.2,4.32
218,menongue,0,AO,1530727694,36,-14.66,17.68,59.43,4.88
219,novikovo,0,UA,1530727694,72,45.05,34.56,69.42,3.98
220,carutapera,80,BR,1530727490,92,-1.2,-46.02,80.04,7.34
221,kangavar,0,IR,1530727695,28,34.5,47.96,65.1,4.09
222,pisco,90,PE,1530723600,77,-13.71,-76.2,64.4,11.41
223,kavaratti,64,IN,1530727695,98,10.57,72.64,83.37,16.17
224,derzhavinsk,0,KZ,1530727695,56,51.1,66.31,61.77,7.78
225,victoria,75,BN,1530725400,94,5.28,115.24,77.0,2.24
226,bestobe,0,KZ,1530727695,74,52.5,73.1,58.8,3.2
227,severo-kurilsk,92,RU,1530727696,99,50.68,156.12,44.13,11.81
228,ahipara,80,NZ,1530727696,100,-35.17,173.16,51.78,10.36
229,talaya,88,RU,1530727696,81,55.79,84.89,55.83,4.88
230,namibe,0,AO,1530727696,94,-15.19,12.15,72.12,3.98
231,natal,0,BR,1530723600,48,-5.81,-35.21,87.8,19.46
232,pitimbu,40,BR,1530723600,61,-7.47,-34.81,82.4,17.22
233,mackay,75,CA,1530725700,77,53.65,-115.58,62.6,9.17
234,bakal,48,RU,1530727697,61,54.94,58.81,71.94,5.88
235,balakhninskiy,20,RU,1530727698,98,58.01,114.28,54.66,2.19
236,gao,0,ML,1530727698,50,16.28,-0.04,93.54,4.76
237,querfurt,0,DE,1530726600,21,51.38,11.6,84.2,8.05
238,pokhara,80,NP,1530727698,70,28.21,83.99,60.15,3.65
239,kavieng,36,PG,1530727451,100,-2.57,150.8,82.65,10.69
240,valleyview,20,CA,1530727699,97,55.07,-117.28,63.93,4.54
241,broome,20,GB,1530726960,68,52.47,1.45,77.0,6.93
242,skegness,40,GB,1530726600,64,53.14,0.34,71.6,10.29
243,jiwani,0,PK,1530727700,93,25.05,61.74,84.72,8.34
244,poum,20,MK,1530725400,47,41.28,20.71,77.0,5.82
245,tingo maria,20,PE,1530723600,61,-9.29,-76.01,82.4,5.82
246,adre,32,TD,1530727700,57,13.47,22.2,79.77,8.34
247,benguela,0,AO,1530727700,100,-12.58,13.4,70.59,6.89
248,mayo,40,CA,1530723600,40,63.59,-135.9,69.8,9.17
249,georgetown,75,GY,1530723600,70,6.8,-58.16,86.0,6.93
250,puerto escondido,20,MX,1530722400,58,15.86,-97.07,87.8,5.82
251,tilichiki,36,RU,1530727439,97,60.47,166.1,48.9,3.98
252,ganzhou,8,CN,1530727702,69,25.86,114.93,83.82,9.01
253,manokwari,24,ID,1530727702,100,-0.87,134.08,80.67,4.76
254,semporna,75,MY,1530723600,88,4.48,118.61,75.2,3.65
255,san quintin,68,PH,1530727419,88,17.54,120.52,71.4,2.75
256,khani,90,GE,1530725400,88,41.96,42.96,71.6,5.82
257,axim,12,GH,1530727703,95,4.87,-2.24,79.14,12.26
258,alto parana,0,BR,1530723600,45,-23.13,-52.32,82.4,5.82
259,kurumkan,0,RU,1530727703,78,54.33,110.32,50.88,1.97
260,marawi,68,PH,1530727703,100,8.0,124.29,68.97,1.41
261,bilma,12,NE,1530727704,14,18.69,12.92,96.42,4.76
262,xining,24,CN,1530727704,91,36.62,101.77,44.4,2.42
263,bima,0,ID,1530727704,82,-8.45,118.73,75.0,6.33
264,lebu,64,ET,1530727704,97,8.96,38.73,53.49,2.75
265,taltal,0,CL,1530727705,76,-25.41,-70.49,60.6,5.32
266,tazmalt,75,DZ,1530723600,83,36.39,4.4,80.6,8.05
267,bilibino,8,RU,1530727705,69,68.06,166.44,63.48,2.19
268,tateyama,92,JP,1530727438,93,36.66,137.31,68.43,3.42
269,marzuq,92,YE,1530727705,32,14.4,46.47,80.13,1.3
270,woodend,0,AU,1530724260,62,-37.35,144.53,55.4,31.09
271,jacareacanga,0,BR,1530727706,37,-6.22,-57.76,95.25,2.98
272,zdvinsk,44,RU,1530727706,78,54.7,78.67,60.6,3.76
273,itarema,68,BR,1530727706,90,-2.92,-39.92,78.6,5.66
274,arys,0,KZ,1530725400,30,42.43,68.8,82.4,11.18
275,saldanha,76,PT,1530727707,51,41.42,-6.55,69.06,11.7
276,soledade,40,BR,1530723600,48,-7.06,-36.37,82.4,11.41
277,benghazi,0,LY,1530727707,96,32.12,20.07,77.97,13.6
278,qasigiannguit,75,GL,1530726600,65,68.82,-51.19,44.6,5.82
279,padang,68,ID,1530727708,100,-0.92,100.36,74.82,6.44
280,hamilton,75,BM,1530723300,78,32.3,-64.78,80.6,16.11
281,turayf,0,SA,1530723600,18,31.68,38.65,96.8,11.41
282,nabire,32,ID,1530727708,96,-3.36,135.5,65.55,2.08
283,vetlanda,0,SE,1530726600,32,57.43,15.09,80.6,12.75
284,nguruka,12,TZ,1530727708,50,-5.11,31.04,70.5,4.43
285,baft,0,IR,1530727709,14,29.23,56.61,64.2,10.58
286,bom despacho,0,BR,1530727709,38,-19.74,-45.25,81.21,5.77
287,chara,0,GR,1530726600,54,39.42,22.43,82.4,4.7
288,namatanai,36,PG,1530727709,100,-3.66,152.44,81.75,8.79
289,susuman,88,RU,1530727710,83,62.78,148.15,48.54,2.53
290,muros,40,ES,1530727200,93,42.77,-9.06,64.4,9.17
291,aykhal,88,RU,1530727710,85,65.95,111.51,62.67,3.31
292,linqu,0,CN,1530727710,87,36.52,118.54,70.77,2.75
293,ust-kuyga,0,RU,1530727710,75,70.0,135.55,66.63,10.02
294,vaitape,88,PF,1530727711,100,-16.52,-151.75,78.24,8.79
295,jinchang,36,CN,1530727711,74,38.52,102.19,60.06,3.76
296,puerto palomas,40,US,1530726780,15,31.78,-107.63,91.4,5.82
297,shumskiy,100,RU,1530727711,94,54.83,99.13,50.25,4.65
298,kalispell,1,US,1530723300,59,48.2,-114.32,60.8,2.75
299,athabasca,8,CA,1530727712,94,54.72,-113.29,63.66,7.9
300,otorohanga,0,NZ,1530727712,67,-38.18,175.2,23.52,2.75
301,murchison,76,AU,1530727712,90,-36.62,145.22,48.72,10.47
302,melita,0,CA,1530727712,81,49.27,-100.98,67.71,18.07
303,beni mazar,0,EG,1530727713,26,28.5,30.8,92.82,9.8
304,souillac,0,FR,1530727200,93,45.6,-0.6,64.4,3.36
305,zelenoborskiy,92,RU,1530727713,69,66.84,32.36,62.13,4.32
306,praia da vitoria,40,PT,1530723600,60,38.73,-27.07,73.4,12.15
307,malindi,92,KE,1530727713,73,-3.22,40.12,79.23,17.85
308,george,40,NG,1530723600,83,6.63,3.35,80.6,5.82
309,meulaboh,48,ID,1530727714,100,4.14,96.13,79.86,3.76
310,bronnoysund,75,NO,1530726600,76,65.46,12.2,53.6,12.75
311,ipixuna,75,BR,1530727200,66,-1.76,-48.8,84.2,5.82
312,ceres,44,AR,1530727755,68,-29.88,-61.95,53.94,5.88
313,atar,32,MR,1530727716,12,20.52,-13.05,107.94,8.57
314,vanimo,32,PG,1530727436,100,-2.67,141.3,81.48,4.21
315,tambacounda,0,SN,1530723600,46,13.77,-13.67,89.6,11.41
316,rhyl,0,GB,1530726600,38,53.32,-3.49,75.2,11.41
317,oussouye,40,SN,1530723600,88,12.49,-16.54,84.2,2.24
318,santa maria,92,BR,1530727534,91,-29.69,-53.81,49.98,7.11
319,lorengau,68,PG,1530727718,100,-2.02,147.27,82.56,12.48
320,alofi,36,NU,1530727718,100,-19.06,-169.92,74.37,11.7
321,rajapur,80,IN,1530727718,60,25.39,81.15,87.51,11.7
322,chuy,92,UY,1530727719,75,-33.69,-53.46,51.78,5.21
323,batemans bay,8,AU,1530727493,97,-35.71,150.18,49.53,6.55
324,half moon bay,75,US,1530723600,52,37.46,-122.43,68.0,14.99
325,palmer,76,AU,1530723600,66,-34.85,139.16,55.4,11.41
326,casper,1,US,1530726780,37,42.87,-106.31,69.8,6.55
327,stromness,1,CA,1530726840,66,42.87,-79.55,93.2,8.05
328,biak,92,ID,1530727500,100,-0.91,122.88,71.4,4.21
329,viedma,44,AR,1530727720,58,-40.81,-62.99,47.01,8.34
330,montalto uffugo,40,IT,1530726600,83,39.4,16.16,77.0,11.41
331,galesong,20,ID,1530727200,94,-5.32,119.37,75.2,1.12
332,gbongan,100,NG,1530727721,93,7.47,4.35,76.17,4.76
333,komsomolskiy,0,RU,1530727438,54,67.55,63.78,52.23,3.09
334,salisbury,40,GB,1530726960,64,51.07,-1.8,73.4,5.82
335,hobyo,0,SO,1530727440,73,5.35,48.53,76.89,22.55
336,katobu,48,ID,1530727457,100,-4.94,122.53,75.18,2.42
337,leshukonskoye,76,RU,1530727721,61,64.9,45.76,70.77,8.68
338,bartica,75,GY,1530723600,70,6.41,-58.62,86.0,6.93
339,zhangye,36,CN,1530727722,63,38.94,100.46,65.28,6.67
340,plettenberg bay,0,ZA,1530727722,100,-34.05,23.37,56.91,6.67
341,mulheim,75,GY,1530723600,70,6.61,-57.89,86.0,6.93
342,bangsund,40,NO,1530726600,66,64.4,11.39,55.4,8.05
343,narasaraopet,92,IN,1530727723,99,16.24,80.05,76.17,2.42
344,pasir gudang,75,MY,1530727200,74,1.46,103.88,82.4,2.24
345,landerneau,64,FR,1530727200,64,48.45,-4.26,71.6,13.87
346,mogadishu,92,SO,1530727723,99,2.04,45.34,78.42,20.31
347,richards bay,0,ZA,1530727723,97,-28.77,32.06,52.77,3.31
348,wainwright,8,CA,1530727724,86,52.84,-110.86,62.85,9.8
349,impfondo,64,CD,1530727724,85,1.62,18.06,77.25,2.08
350,puerto leguizamo,100,CO,1530727724,100,-0.19,-74.78,71.85,3.09
351,hualmay,0,PE,1530727724,68,-11.1,-77.61,69.33,5.44
352,nizwa,56,OM,1530727725,32,22.93,57.53,87.15,2.42
353,boguchany,92,RU,1530727725,77,58.38,97.46,53.94,7.78
354,amarpatan,32,IN,1530727725,70,24.32,80.97,82.02,12.03
355,abu kamal,0,SY,1530727725,17,34.45,40.92,89.76,7.23
356,dakar,20,SN,1530723600,78,14.69,-17.45,80.6,6.93
357,anchorage,1,US,1530723360,72,61.22,-149.89,62.6,3.36
358,beringovskiy,48,RU,1530727726,100,63.05,179.32,46.92,4.65
359,poronaysk,100,RU,1530727726,100,49.22,143.1,44.58,5.88
360,tarakan,80,ID,1530727726,100,3.3,117.63,80.13,1.74
361,trincomalee,8,LK,1530727726,74,8.58,81.23,80.67,13.94
362,odda,0,NO,1530727727,44,60.07,6.55,63.48,2.42
363,port hardy,90,CA,1530725820,93,50.7,-127.42,51.8,3.36
364,clyde river,90,CA,1530726120,80,70.47,-68.59,41.0,5.82
365,mildura,20,AU,1530727727,72,-34.18,142.16,46.83,12.26
366,rovaniemi,0,FI,1530726600,72,66.5,25.72,64.4,11.41
367,shakhtinsk,0,KZ,1530725400,93,49.71,72.59,50.0,6.71
368,west plains,20,US,1530723180,58,36.73,-91.85,87.8,9.17
369,kontagora,20,NG,1530727728,66,10.4,5.47,83.37,6.33
370,bubaque,56,GW,1530727728,93,11.28,-15.83,83.73,5.77
371,sajanan,20,TN,1530723600,52,37.06,9.24,91.4,3.36
372,ambilobe,68,MG,1530727729,72,-13.19,49.05,72.03,11.7
373,geraldton,90,CA,1530723600,61,49.72,-86.95,80.6,12.75
374,aitape,20,PG,1530727729,100,-3.15,142.36,79.68,3.31
375,vila,0,IT,1530726600,42,45.18,8.4,86.0,2.24
376,pangnirtung,75,CA,1530723600,66,66.15,-65.72,50.0,17.22
377,chokurdakh,0,RU,1530727730,56,70.62,147.9,67.08,14.72
378,cayenne,90,GF,1530725400,94,4.94,-52.33,80.6,3.36
379,coquimbo,0,CL,1530723600,48,-29.95,-71.34,66.2,3.36
380,xifeng,48,CN,1530727730,87,42.73,124.72,67.98,2.42
381,moree,0,AU,1530727731,91,-29.46,149.84,50.97,2.86
382,noumea,20,NC,1530725400,82,-22.28,166.46,64.4,5.82
383,plouzane,68,FR,1530725400,72,48.38,-4.62,71.6,12.75
384,havelock,20,US,1530726840,66,34.88,-76.9,89.6,8.05
385,hit,0,IQ,1530727731,12,33.64,42.83,98.58,10.8
386,sergeyevka,0,KZ,1530727732,75,53.88,67.42,59.88,5.32
387,tabas,0,IR,1530727732,21,33.6,56.92,75.27,2.98
388,kaeo,68,NZ,1530727732,91,-35.1,173.78,45.03,5.77
389,ust-omchug,0,RU,1530727732,83,61.13,149.63,41.16,2.3
390,sibu,75,MY,1530723600,94,2.29,111.83,73.4,1.12
391,roebourne,0,AU,1530727733,48,-20.77,117.15,65.01,13.6
392,aklavik,90,CA,1530723600,82,68.22,-135.01,57.2,8.05
393,eyl,8,SO,1530727734,69,7.98,49.82,82.38,23.67
394,gandzak,0,AM,1530723600,27,40.33,45.12,91.4,13.87
395,tabuk,24,PH,1530727734,95,17.41,121.44,67.44,2.08
396,synya,0,RU,1530727734,42,65.37,58.04,65.28,6.55
397,karasuk,32,RU,1530727735,80,53.73,78.03,59.25,3.42
398,sao gabriel da cachoeira,40,BR,1530723600,74,-0.13,-67.09,84.2,2.24
399,tshikapa,0,CD,1530727735,55,-6.42,20.79,76.35,3.31
400,nanakuli,1,US,1530723420,88,21.39,-158.15,78.8,3.36
401,artvin,90,TR,1530725400,88,41.18,41.83,71.6,12.75
402,aleksandrovskoye,24,RU,1530727736,59,56.74,85.39,55.47,3.98
403,high level,20,CA,1530727200,42,58.52,-117.13,66.2,10.29
404,chake chake,88,TZ,1530727736,92,-5.25,39.77,79.68,17.29
405,ulladulla,0,AU,1530723600,93,-35.36,150.48,46.4,8.05
406,maputo,20,MZ,1530723600,68,-25.97,32.57,66.2,4.7
407,micco,20,US,1530725220,62,27.85,-80.5,89.6,11.41
408,merauke,76,ID,1530727737,86,-8.49,140.4,77.43,15.84
409,porgera,24,PG,1530727738,94,-5.46,143.15,48.99,2.53
410,middle island,75,US,1530726960,66,40.88,-72.94,91.4,8.05
411,concepcion del oro,0,MX,1530727738,41,24.63,-101.42,78.87,3.42
412,nelidovo,32,RU,1530727738,79,56.22,32.78,59.25,5.99
413,khromtau,92,KZ,1530727738,24,50.26,58.44,89.4,12.71
414,srednekolymsk,0,RU,1530727527,29,67.46,153.71,67.98,5.44
415,winnemucca,1,US,1530726960,12,40.97,-117.74,80.6,3.36
416,along,92,IN,1530727739,99,28.17,94.8,68.52,1.41
417,gornyy,36,RU,1530727739,34,51.76,48.54,82.65,10.02
418,morozovsk,0,RU,1530727739,29,48.35,41.83,79.32,12.26
419,khonsa,48,IN,1530727740,96,26.99,95.51,71.31,1.97
420,zadonsk,0,RU,1530725400,49,52.39,38.93,69.8,4.47
421,pingliang,92,CN,1530727740,99,35.54,106.68,62.58,2.98
422,baculin,64,PH,1530727740,100,7.45,126.58,77.97,3.76
423,kargat,92,RU,1530727740,75,55.19,80.28,57.81,5.32
424,veendam,0,NL,1530726900,72,53.1,6.87,77.0,9.17
425,altay,92,CN,1530727741,93,47.83,88.13,48.99,1.97
426,fairbanks,1,US,1530723480,67,64.84,-147.72,66.2,5.44
427,quatre cocos,40,MU,1530723600,69,-20.21,57.76,75.2,19.46
428,port augusta,75,AU,1530723600,38,-32.49,137.76,60.8,12.75
429,dingle,56,PH,1530727487,96,11.0,122.67,73.92,4.43
430,sitka,0,US,1530727470,50,37.17,-99.65,93.0,15.73
431,conceicao do araguaia,0,BR,1530723600,20,-8.26,-49.26,98.6,8.05
432,shakawe,20,BW,1530727742,40,-18.36,21.84,61.77,8.68
433,akhisar,0,TR,1530727743,28,38.92,27.84,85.26,9.46
434,deep river,1,CA,1530723600,46,46.1,-77.49,89.6,8.05
435,terrace bay,40,CA,1530723600,77,48.78,-87.1,68.0,5.82
436,iqaluit,75,CA,1530723600,57,63.75,-68.52,51.8,14.99
437,mombaca,0,BR,1530727743,32,-5.74,-39.63,88.41,10.69
438,the valley,20,AI,1530723600,66,18.22,-63.06,87.8,18.34
439,hambantota,36,LK,1530727744,95,6.12,81.12,82.11,13.71
440,hammerfest,40,NO,1530727080,87,70.66,23.68,48.2,5.82
441,nongan,0,CN,1530723600,83,44.43,125.17,69.8,5.1
442,druzhba,0,UA,1530727744,65,49.36,25.65,66.27,8.68
443,rocha,92,UY,1530727745,67,-34.48,-54.34,49.8,4.21
444,el prat de llobregat,0,ES,1530727200,42,41.32,2.1,84.2,8.05
445,caravelas,0,BR,1530727745,100,-17.73,-39.27,76.89,5.99
446,isabela,68,PH,1530727745,100,10.2,122.99,73.2,2.75
447,lagoa,0,PT,1530725400,68,37.14,-8.45,71.6,20.8
448,grand-santi,8,GF,1530727746,69,4.27,-54.38,84.72,1.52
449,terre haute,75,US,1530725700,66,39.47,-87.41,91.4,5.99
450,pachino,0,IT,1530726600,65,36.72,15.09,82.4,3.36
451,ilulissat,75,GL,1530726600,65,69.22,-51.1,44.6,5.82
452,kruisfontein,0,ZA,1530727747,99,-34.0,24.73,54.3,9.24
453,sao filipe,0,CV,1530727747,95,14.9,-24.5,74.82,14.27
454,gualaceo,75,EC,1530723600,51,-2.89,-78.78,62.6,14.99
455,erzin,0,TR,1530724800,74,36.95,36.2,84.2,5.82
456,ridgecrest,1,US,1530723360,18,35.62,-117.67,87.8,4.7
457,sisimiut,80,GL,1530727748,94,66.94,-53.67,43.05,1.74
458,sault sainte marie,1,CA,1530723600,52,46.49,-84.36,87.8,5.82
459,waingapu,0,ID,1530727748,93,-9.65,120.26,65.73,6.33
460,sigulda,40,LV,1530726600,72,57.15,24.86,64.4,2.24
461,nortelandia,0,BR,1530727687,65,-14.45,-56.8,85.53,4.43
462,chattanooga,40,US,1530726780,46,35.05,-85.31,93.2,10.29
463,ozernovskiy,92,RU,1530727748,94,51.5,156.52,45.93,5.1
464,show low,1,US,1530725700,18,34.25,-110.03,82.4,5.82
465,teodoro sampaio,0,BR,1530727749,36,-22.53,-52.17,87.6,7.23
466,warmbad,32,DE,1530726600,30,50.67,13.08,84.2,9.17
467,montelibano,76,CO,1530727625,89,7.98,-75.42,85.17,3.87
468,ancona,1,US,1530725700,94,41.04,-88.87,89.6,4.7
469,san andres,44,PH,1530727750,100,13.32,122.68,84.09,9.46
470,uddevalla,0,SE,1530726600,44,58.35,11.94,75.2,12.75
471,karratha,0,AU,1530727750,48,-20.74,116.85,65.01,13.6
472,sao miguel do araguaia,0,BR,1530727518,58,-13.28,-50.16,86.34,8.57
473,muisne,56,EC,1530727751,71,0.61,-80.02,79.5,7.56
474,wewak,56,PG,1530727751,100,-3.55,143.63,74.55,2.08
475,naze,80,NG,1530727751,88,5.43,7.07,77.7,6.33
476,chengde,24,CN,1530727752,84,40.97,117.93,66.0,3.87
477,ketchikan,1,US,1530723360,68,55.34,-131.65,75.2,10.29
478,alice springs,0,AU,1530727200,28,-23.7,133.88,44.6,6.93
479,mopipi,12,BW,1530727752,60,-21.2,24.86,60.33,16.17
480,charcas,0,MX,1530727752,39,23.13,-101.11,76.53,5.21
481,rio gallegos,75,AR,1530723600,92,-51.62,-69.22,28.4,3.36
482,tonota,75,BW,1530723600,71,-21.44,27.46,55.4,10.29
483,gobabis,36,NA,1530727753,46,-22.45,18.97,52.68,11.7
484,baruun-urt,76,MN,1530727753,80,46.68,113.28,63.48,2.98
485,payo,24,ID,1530727753,64,-3.75,103.64,77.07,5.21
486,samarai,92,PG,1530727476,99,-10.62,150.67,77.88,20.09
487,khandyga,24,RU,1530727753,51,62.65,135.58,63.21,8.57
488,sinop,0,TR,1530727754,100,42.03,35.15,74.28,6.67
489,barth,20,DE,1530724800,53,54.37,12.73,71.6,9.17
490,iskateley,0,RU,1530727754,59,67.68,53.15,58.53,8.79
491,santa isabel do rio negro,44,BR,1530727754,72,-0.41,-65.02,86.07,3.76
492,huaquillas,40,EC,1530723600,69,-3.48,-80.24,78.8,11.41
493,alpena,75,US,1530725700,62,45.06,-83.43,91.4,5.82
494,okhotsk,8,RU,1530727755,100,59.36,143.24,45.03,2.98
495,labuhan,24,ID,1530727755,96,-2.54,115.51,69.96,2.42
496,andros town,75,BS,1530723600,62,24.73,-77.79,87.8,9.17
497,sept-iles,75,CA,1530723600,41,50.2,-66.38,75.2,13.87
498,yelizovo,90,RU,1530723600,100,53.19,158.38,46.4,2.24
499,valparaiso,40,US,1530725700,66,41.47,-87.06,89.6,4.7
500,juba,56,EE,1530726600,59,57.82,26.93,66.2,5.82
501,cabedelo,40,BR,1530723600,61,-6.97,-34.84,82.4,17.22
502,kalmunai,12,LK,1530727756,97,7.42,81.82,75.72,2.64
503,noyabrsk,100,RU,1530727757,57,63.2,75.45,56.1,4.65
504,kungurtug,76,RU,1530727757,96,50.6,97.53,50.88,1.97
505,san jeronimo,0,PE,1530723600,54,-13.65,-73.37,53.6,2.53
506,ambanja,0,MG,1530727757,66,-13.68,48.45,66.72,1.07
507,monrovia,92,LR,1530727758,100,6.33,-10.8,74.1,5.1
508,vao,0,EE,1530727758,65,59.1,26.19,62.4,3.42
509,lata,88,IN,1530727758,86,30.78,78.62,55.38,1.86
510,rosarito,75,CO,1530723600,72,4.91,-75.23,84.2,10.29
511,loknya,92,RU,1530727758,100,54.21,39.24,57.9,10.25
512,kazachinskoye,44,RU,1530727759,75,57.69,93.28,51.96,6.11
513,moron,75,VE,1530723600,66,10.49,-68.2,84.2,3.09
514,nemuro,92,JP,1530727759,100,43.32,145.57,51.87,19.53
515,phanom thuan,8,TH,1530727759,75,14.13,99.7,78.6,6.89
516,auxerre,48,FR,1530727200,42,47.8,3.58,84.2,4.7
517,grand gaube,40,MU,1530723600,69,-20.01,57.66,75.2,19.46
518,albacete,0,ES,1530723600,22,39.0,-1.86,86.0,19.46
519,barquisimeto,40,VE,1530723600,65,10.07,-69.32,82.4,6.93
520,cherskiy,0,RU,1530727760,46,68.75,161.3,61.23,5.1
521,kagadi,88,UG,1530727761,89,0.95,30.8,77.88,6.11
522,talcahuano,75,CL,1530723900,87,-36.72,-73.12,53.6,31.09
523,gushikawa,20,JP,1530726960,94,26.35,127.87,80.6,12.75
